,Simulation ID,Debt Covenant Violation Frequency,Rate Covenant Violation Frequency,Peak Uniform Rate
0,0.0,0.0,0.0,466.26086451859265
1,1.0,0.0,0.0,59714.32092971632
2,2.0,0.0,0.0,214856.3046313253
3,3.0,0.0,0.0,47081.052677851505
4,4.0,0.0,0.0,162748.93241296976
5,5.0,0.0,0.0,365.6869005564458
6,6.0,1.0,0.0,56256.34392326967
7,7.0,1.0,0.0,10560.960196941032
8,8.0,1.0,0.0,168.78514188714377
9,9.0,0.0,0.0,27699.024011273643
